<differences>
	<difference>
		<className>net/sf/jasperreports/engine/export/ooxml/DocxDocumentHelper</className>
		<differenceType>7004</differenceType>
		<method>*exportHeader()</method>
	</difference>
	<difference>
		<className>net/sf/jasperreports/engine/export/ooxml/DocxDocumentHelper</className>
		<differenceType>7004</differenceType>
		<method>*exportSection(net.sf.jasperreports.engine.PrintPageFormat, net.sf.jasperreports.engine.export.JRGridLayout, boolean)</method>
	</difference>
	<difference>
		<className>net/sf/jasperreports/engine/export/ooxml/JRDocxExporter</className>
		<differenceType>6001</differenceType>
		<field>nature</field>
	</difference>
	<difference>
		<className>net/sf/jasperreports/export/DocxReportConfiguration</className>
		<differenceType>7012</differenceType>
		<method>*isBackgroundAsHeader()</method>
	</difference>
</differences>
